Mã siêu thị,Nhập,Bán,Tỉ lệ NG/Nhập,Huỷ và KK,Lợi nhuận
10000,194,159.9,42%,26,1733240
10005,178,102.2,28%,66,-1563777
10018,205,147.6,35%,56,-233319
10037,155,128.3,39%,25,1509526
10038,183,147.0,32%,19,1713752
10047,214,193.7,32%,7,2272366
10048,87,76.1,51%,10,1177356
10051,101,71.2,39%,25,450276
10053,165,143.1,3%,14,44207
10066,282,253.7,41%,-43,9858751
10067,231,169.0,21%,53,249462
10068,191,137.2,15%,56,-623411
10070,172,147.7,33%,17,1652511
10073,142,97.0,8%,43,-1702058
10081,185,149.4,33%,12,3136194
10102,163,98.9,33%,61,-972939
10103,103,76.0,14%,23,-477843
10104,116,107.7,54%,2,2089471
10106,222,189.7,29%,23,2396408
10109,214,191.8,53%,22,4632295
10110,207,176.1,31%,34,946013
10115,309,221.1,36%,86,618354
10125,172,132.8,4%,29,-260770
10136,237,231.0,30%,2,6039384
10137,162,128.9,14%,26,483585
10140,193,141.6,30%,12,1652249
10151,267,189.9,22%,70,340252
10167,219,188.0,27%,36,1129613
10168,366,315.0,48%,45,7233638
10181,220,177.3,25%,37,-263804
10184,207,185.7,37%,17,2357620
10186,182,115.6,23%,48,-265538
10293,249,201.3,27%,49,306016
10296,171,146.0,22%,2,1984438
10297,84,74.5,27%,10,663790
10299,243,173.0,11%,64,-711289
10301,258,218.8,31%,46,891116
10319,199,169.3,27%,30,839905
10320,637,524.9,50%,126,7716151
10345,241,206.4,26%,13,3786721
10354,141,124.0,43%,14,2096606
10355,157,133.9,21%,14,774481
10357,320,271.2,36%,39,4296490
10358,211,160.4,21%,47,-197497
10376,374,323.8,18%,50,569476
10377,89,77.4,5%,6,649815
10378,173,120.4,28%,60,-780849
10380,159,110.1,16%,47,-1361469
10390,150,124.1,34%,26,1185568
10397,231,155.5,28%,78,-1275890
10434,204,165.8,32%,23,2001715
10438,176,141.3,14%,31,-274721
10444,245,204.5,33%,22,2761285
10445,185,174.3,40%,7,3323219
10485,161,122.7,14%,38,-1093889
10495,146,101.9,23%,42,-388077
10497,247,238.0,49%,0,4019397
10506,175,146.6,35%,25,911827
10520,212,198.4,24%,8,1417623
1157,309,266.1,16%,11,4568986
116,69,32.8,22%,35,-1245133
1257,264,187.8,9%,63,-1705762
12797,141,131.8,29%,9,1660959
12943,228,127.5,27%,97,-3668009
12995,141,86.2,16%,53,-1860178
13018,230,143.9,23%,73,-1622524
13035,170,127.2,50%,37,1729514
13592,288,252.9,54%,46,6319345
13593,224,166.9,23%,48,-230209
13608,286,234.6,33%,49,2166502
13613,222,131.6,20%,75,-1364864
13616,229,217.1,44%,17,4960106
13618,239,197.8,31%,40,1842016
13627,192,144.1,21%,38,657031
13645,212,191.1,42%,23,3536233
13656,169,149.9,38%,18,2599080
13659,212,156.5,26%,43,954261
13665,208,135.0,28%,70,-823430
13668,255,193.2,25%,55,1396958
13714,228,192.6,50%,43,4173113
13718,376,367.8,38%,-21,10527194
13721,206,150.7,23%,57,-397591
13725,177,135.0,22%,31,793591
13730,210,200.4,19%,6,1022769
13733,80,81.7,35%,-1,2022029
13739,164,109.5,8%,49,-1572527
1374,232,166.4,27%,42,449529
13741,177,102.7,16%,70,-2554006
13743,242,225.2,40%,9,5514041
13775,159,116.7,10%,40,-1549071
13776,179,145.5,17%,35,-463624
13785,173,140.0,12%,23,531579
13787,222,193.8,29%,-22,3850881
13788,116,111.1,18%,-4,805754
13797,185,100.0,9%,75,-2934000
13799,208,118.7,20%,74,-2361571
13817,107,66.2,20%,32,-996066
13830,248,222.5,41%,32,2437312
13831,71,48.4,17%,8,-10214
13837,119,117.7,44%,-1,1753843
13838,112,100.5,27%,7,455704
13839,228,176.5,17%,52,-329534
13845,202,132.9,12%,62,-434337
13846,218,182.5,17%,40,-1570120
13853,182,171.1,24%,7,2870479
13855,198,121.4,14%,69,-2328774
13984,181,134.9,9%,42,-497013
13986,170,148.3,12%,22,382051
13991,229,192.5,29%,29,2065016
14004,102,98.4,25%,1,736814
14012,87,81.6,27%,2,824959
14100,164,114.3,7%,26,1211157
14101,227,188.6,15%,20,2888086
14103,144,125.5,15%,7,2005566
14108,181,119.4,10%,-13,3142491
14109,189,164.2,21%,16,5936550
14110,146,129.3,23%,9,2813150
14112,198,174.6,22%,21,1966177
14113,108,80.7,7%,17,1804798
14114,121,86.9,16%,30,-441727
14116,125,87.8,1%,15,-423032
14123,139,90.4,15%,27,-284067
14126,142,112.3,13%,20,-594493
14127,150,136.2,24%,11,4190059
14128,148,84.1,14%,63,-2711056
14129,115,96.0,16%,9,1799863
14131,128,112.7,18%,-1,3168326
14132,124,70.0,10%,7,1177554
14133,157,150.4,33%,1,3398740
14134,131,76.9,7%,42,-2605191
14135,187,157.7,38%,28,2005765
14136,156,119.3,41%,38,1450904
14137,123,89.7,5%,15,270526
14138,125,90.7,1%,17,-524941
14143,114,108.4,12%,-2,422154
14149,104,92.4,15%,5,1500939
14150,116,90.0,21%,24,1306129
14152,145,115.9,14%,24,837276
14153,101,87.6,6%,15,488660
14169,112,55.5,16%,27,-1470008
14170,139,109.1,22%,13,3183945
14171,124,123.4,9%,-9,2612514
14172,125,109.3,17%,16,2299095
14175,99,84.7,18%,2,1847855
14178,130,118.9,12%,0,1619218
14179,106,83.0,9%,1,3523791
1418,220,132.0,16%,70,-2495412
14180,109,76.7,2%,22,-1021114
14181,123,104.4,14%,12,748584
14198,141,124.0,24%,6,2901598
14218,130,125.5,19%,6,1161399
14219,147,139.1,23%,-3,5587271
14222,111,56.5,11%,41,-2372278
14223,124,105.8,8%,-1,1294520
14265,140,83.8,28%,42,-82326
14266,120,83.7,13%,25,-61996
14269,114,80.9,17%,27,-579362
14270,105,43.5,10%,40,-2017291
14271,120,71.2,12%,43,-851276
14273,129,114.6,27%,8,2387983
14275,151,108.1,19%,51,-1451765
14278,113,101.5,30%,14,1807301
14279,105,62.3,20%,30,-19137
14280,104,52.0,18%,44,-2608846
14287,359,317.2,51%,50,6326200
14288,119,64.7,13%,46,-2258791
14289,80,68.5,22%,12,-187061
14297,71,38.8,20%,29,-919516
14298,156,87.0,18%,73,-2874655
14299,138,130.5,15%,1,2870913
14300,280,247.9,47%,24,5619181
14303,153,135.5,11%,7,4929393
14305,139,132.7,19%,-8,3606534
14306,103,82.1,27%,25,3404
14310,134,121.7,12%,1,2111892
14312,118,83.8,18%,26,-88459
14316,241,217.7,43%,18,3194179
14317,154,146.4,26%,1,2456354
14318,166,117.5,10%,12,58684
14319,123,111.4,32%,0,3905588
14320,99,57.7,5%,27,-1052118
14321,92,54.3,22%,27,-94601
14324,93,67.2,14%,23,181307
14325,139,120.0,11%,20,-368405
14326,113,99.0,20%,9,1554219
14329,108,93.0,24%,10,1046191
14330,110,64.4,8%,41,-1857059
14331,80,61.6,29%,10,934696
14332,139,143.8,11%,18,1475575
14333,138,127.2,23%,10,3173166
14335,132,96.0,12%,17,-67635
14336,120,117.1,29%,2,3999167
14337,127,106.2,13%,9,958986
14338,131,45.5,9%,83,-4052770
14339,129,105.3,9%,13,-124131
14340,77,67.0,32%,4,2430181
14342,138,132.6,17%,-3,4622814
14343,122,87.1,27%,30,1058659
14344,129,109.8,24%,6,4031424
14345,121,89.8,29%,27,678338
14346,110,96.0,22%,8,2358967
14349,97,67.3,9%,21,-1025171
14350,112,109.6,8%,-2,1547897
14351,158,127.2,16%,10,1651510
14353,105,97.6,3%,0,1811608
14354,76,63.2,33%,4,2005383
14355,84,59.3,21%,15,1115247
14356,145,116.2,17%,22,2789843
14357,130,101.6,15%,12,840246
14359,133,90.4,7%,25,-844116
14360,198,187.3,34%,11,2541477
14362,226,80.4,11%,138,-6846478
14363,121,103.5,26%,-10,4444226
14364,124,101.0,13%,13,256150
14370,160,150.1,13%,0,833360
14374,117,75.7,4%,40,-2120981
14375,109,138.4,29%,-30,4342362
14381,138,137.2,34%,3,2832283
14383,110,97.7,27%,12,2308936
14384,159,120.9,38%,35,514765
14385,141,132.3,20%,-6,3564960
14387,118,112.2,19%,-3,908152
14388,97,99.3,22%,-2,3877480
14389,111,89.6,13%,13,1000399
14390,181,169.1,52%,-1,3967631
14394,90,71.4,24%,12,905227
14395,141,110.4,18%,25,-386620
14396,211,144.8,13%,65,-2480824
14397,89,84.9,19%,0,2333296
14398,112,44.8,1%,36,-2820649
14399,93,71.7,25%,17,1356172
14401,129,97.6,15%,20,86315
14403,125,109.9,15%,0,2149878
14404,91,61.1,17%,25,369828
14408,178,140.4,35%,30,4945571
14409,148,137.8,25%,3,1843668
14410,155,123.1,29%,30,372850
14411,354,326.6,42%,20,6929137
14412,148,125.2,17%,-5,3385106
14419,154,74.5,18%,64,-2761394
14420,217,169.6,14%,51,-1425576
14421,201,147.9,16%,47,-595025
14432,111,71.7,13%,41,-1741503
14433,237,208.8,32%,35,2091057
14434,166,126.0,14%,36,-764760
14438,97,84.2,9%,9,542352
14443,176,113.4,20%,56,-1911709
14444,163,128.4,7%,31,-1270661
14447,85,76.6,20%,5,1943829
14448,58,60.3,17%,-4,561547
14449,126,117.1,27%,-1,5942807
14451,103,103.4,28%,0,2763628
14454,135,122.3,17%,1,2485934
14458,161,145.0,24%,11,4342510
14459,43,38.5,7%,-1,80205
14460,102,98.3,21%,-4,1962712
14461,167,113.5,19%,53,-1866450
14463,119,101.3,38%,12,2194078
14467,191,148.1,29%,47,-189143
14471,130,97.7,16%,36,-677461
14472,120,120.5,33%,1,2670384
14477,222,172.8,16%,49,-534270
14478,225,210.6,36%,14,4654216
14484,198,163.2,35%,32,2468530
14486,159,68.4,18%,90,-3905324
14487,96,88.8,36%,-2,1212434
14488,106,102.2,37%,-2,1797815
14489,173,158.9,16%,-6,5623088
14490,201,134.2,7%,59,-480502
14491,121,95.7,14%,12,866493
14492,91,73.9,11%,13,296573
14493,97,90.6,10%,9,1034494
14494,145,91.0,16%,39,1539677
14495,167,153.5,19%,6,4693633
14499,174,148.3,27%,3,3354386
14502,151,118.3,18%,23,943954
14504,167,153.9,17%,6,5314737
14507,163,157.4,30%,-59,9334183
14508,254,189.7,29%,44,2179908
14509,113,106.8,25%,3,1283504
1451,229,158.8,23%,41,427923
14514,156,130.8,15%,17,2683630
14515,125,94.2,7%,26,-1119552
14517,88,60.1,20%,27,-563459
14519,128,104.0,21%,17,1026376
14520,81,80.7,27%,-2,1574930
14521,125,122.2,10%,-2,3108971
14522,112,85.4,18%,19,617018
14524,109,102.1,12%,1,1229739
14525,90,99.0,9%,0,1495411
14526,93,98.4,18%,-8,3436420
14528,95,100.9,12%,-14,2932901
14530,114,102.6,17%,14,1041988
14531,123,108.1,30%,8,1963115
14532,112,108.5,7%,1,823428
14534,166,146.9,24%,15,3310887
14535,157,147.1,39%,-3,2118301
14536,77,71.1,18%,5,812157
14537,66,59.4,14%,-2,362764
14549,145,106.6,21%,34,1245300
14550,132,94.6,23%,40,-1080742
14551,123,114.0,33%,0,1616907
14552,227,195.4,41%,16,3635222
14553,155,142.2,25%,1,4770153
14554,97,94.4,21%,-3,1170333
14555,122,103.9,13%,20,548573
14556,77,69.7,49%,6,1364160
14557,174,157.8,23%,13,1046756
14558,155,126.7,20%,25,-400408
14562,125,119.4,21%,-2,825773
14563,99,93.2,37%,0,1857836
14564,132,123.4,5%,1,1066318
14565,148,77.7,7%,62,-3285267
14568,54,44.6,11%,-3,767641
14570,173,152.6,31%,21,3259824
14573,198,164.1,20%,1,3380868
14574,118,112.3,14%,4,2986338
14575,108,102.9,26%,4,2572480
14576,112,84.6,12%,15,-207380
14577,132,113.0,17%,-9,2603583
14578,80,73.7,23%,-3,879328
14579,152,135.3,14%,22,927515
14580,151,83.9,14%,69,-3429174
14581,96,81.8,6%,-2,1617946
14582,144,115.4,10%,22,1272898
14583,161,149.1,35%,7,3344683
14584,49,42.1,29%,-2,496894
14585,81,75.8,19%,2,256216
14586,111,105.3,19%,2,1434008
14587,153,114.9,4%,29,244716
14588,169,132.9,14%,24,567626
14589,91,89.0,31%,-4,1300918
14590,103,93.6,7%,2,111947
14591,63,61.3,41%,-2,1033520
14592,106,99.2,17%,-4,944720
14593,113,109.4,26%,-8,1566085
14598,167,64.0,9%,100,-5213413
14599,202,122.9,14%,82,-2308475
14600,141,72.1,15%,61,-2461951
14604,167,143.6,24%,23,957047
14607,214,184.4,34%,18,2985302
14608,159,75.4,11%,66,-3111137
14609,91,90.6,17%,-4,2069919
14610,70,66.0,13%,-2,285336
14613,152,138.2,17%,-9,3715594
14614,24,17.5,36%,3,247824
14615,186,131.7,10%,52,-968104
14616,116,63.3,5%,44,-2644257
14617,70,67.5,15%,-14,1071333
14618,51,45.6,20%,0,534937
14619,125,117.6,3%,-1,528550
14621,124,94.4,13%,26,-178113
14622,71,61.0,39%,9,1804086
14623,184,117.6,11%,60,-52256
14624,58,51.4,30%,0,654010
14628,188,160.9,19%,12,2550716
14634,55,28.7,20%,26,-909829
14635,94,70.4,20%,16,-385681
14636,186,169.5,26%,2,4330510
14637,154,145.0,34%,5,3906674
14640,100,92.5,17%,-4,1826639
14650,148,123.2,12%,16,671825
14652,67,60.5,21%,4,448535
14653,119,117.4,15%,-4,952834
14657,139,127.8,18%,5,2443106
14660,143,136.6,25%,0,4946480
14661,136,107.5,19%,26,1754868
14662,158,160.1,15%,-1,3534068
14663,15,13.1,3%,0,160052
14664,40,34.3,17%,2,541013
14665,194,85.8,8%,100,-4912532
14666,97,84.8,29%,4,1135560
14668,160,138.0,19%,22,226588
14669,122,114.1,33%,0,1605799
14671,139,101.8,9%,45,-1428681
14672,53,30.5,8%,23,-739763
14673,101,91.9,18%,0,721587
14682,143,118.4,15%,-5,2069871
14684,45,35.9,26%,3,202292
14689,117,110.7,38%,8,1029811
14691,140,122.8,18%,11,2735180
14693,105,94.1,8%,8,1023023
14694,102,102.3,16%,10,1513869
14695,66,66.2,39%,-4,1705057
14698,105,98.5,12%,2,2736796
14700,117,65.1,9%,48,-1849918
14701,142,112.3,12%,32,-1444714
14703,118,107.7,8%,-29,4918920
14704,133,110.4,14%,10,1684739
14717,146,138.8,32%,1,1057559
14718,109,90.7,15%,16,-725442
14720,74,61.4,26%,7,801048
14723,217,178.8,22%,52,1294516
14724,156,133.6,8%,16,1366868
14725,144,130.8,27%,9,1640665
14726,255,192.2,26%,62,-152498
14727,182,138.3,23%,25,1637961
14733,96,87.9,41%,0,1568412
14735,174,126.5,11%,40,-646640
14736,274,77.3,6%,190,-12077695
14737,101,96.7,38%,-2,1419226
14740,353,206.9,7%,153,-6634942
14748,85,42.7,15%,37,-1521718
14749,181,156.1,13%,7,4120082
14752,163,138.8,15%,23,699655
14754,160,117.7,12%,34,-487002
14757,182,166.9,14%,6,4039906
14758,231,169.2,10%,40,1239623
14759,143,110.1,17%,29,267442
14761,168,172.9,25%,-10,4516269
14764,183,158.1,12%,14,1656944
14765,155,38.9,6%,107,-5572197
14767,109,106.0,19%,-3,4451284
14769,166,139.5,12%,26,1458646
14770,99,92.0,24%,4,1739589
14771,115,99.0,9%,10,367486
14773,143,139.2,17%,-1,2704887
14774,155,152.0,32%,-6,4159957
14775,154,134.4,16%,12,1969638
14778,139,128.1,21%,8,1190410
14779,154,81.8,19%,71,-3278317
14780,124,76.9,13%,15,199406
14781,131,131.0,39%,-4,1707280
14782,145,128.5,18%,20,1518781
14784,111,102.8,15%,2,283021
14785,178,148.9,9%,25,1430124
14786,76,64.0,13%,-12,1523067
14787,152,91.4,6%,49,-1228957
14788,128,113.1,6%,0,1303617
14790,156,116.7,40%,12,1812251
14793,133,133.1,43%,-9,5800947
14795,140,128.9,32%,4,1611516
14799,153,124.2,20%,17,655599
14800,152,126.6,24%,21,2315390
14801,105,81.9,6%,15,48585
14804,122,73.8,12%,40,-1458628
14805,121,109.5,12%,9,482858
14806,183,131.3,18%,39,1814702
14807,110,79.0,16%,27,-705302
14808,85,81.5,34%,-1,1002238
14814,181,123.9,8%,37,1179729
14815,51,42.7,22%,1,557971
14817,109,92.3,44%,0,1893449
14818,100,95.2,46%,-3,1880980
14819,57,50.9,27%,1,419407
14820,79,83.7,36%,-1,978201
14821,48,42.7,14%,-1,195239
14822,79,70.6,29%,0,805090
14823,48,46.7,27%,-3,879362
14824,173,85.1,10%,71,-2978040
14825,134,104.7,8%,18,829284
14826,73,63.3,16%,2,168763
14830,174,62.5,12%,102,-5227771
14831,148,73.7,9%,41,-2178573
14832,67,26.5,13%,22,-725297
14833,32,20.3,13%,1,98223
14834,173,127.5,14%,40,-896143
14836,141,130.2,14%,6,1454847
14837,70,66.9,44%,-2,1127708
14838,121,38.8,7%,81,-4486355
14839,124,100.5,20%,21,-307307
14840,73,17.0,11%,56,-2908520
14841,73,61.8,13%,12,-441864
14842,103,80.2,40%,17,731785
14843,134,85.2,9%,46,-1970323
14844,175,120.1,10%,45,-1694656
14846,154,60.0,24%,79,-3660391
14850,32,35.4,33%,-6,1099624
14851,254,210.8,5%,29,1874782
1489,287,186.5,13%,82,-3089927
14925,159,98.3,10%,57,-1969508
14926,144,84.0,10%,56,-2478181
14927,180,162.1,6%,12,1898780
14928,48,30.5,37%,11,553264
14929,126,114.1,9%,10,1338730
14930,222,103.7,4%,106,-5508375
14935,215,146.3,12%,69,-2607480
14942,215,189.8,43%,2,6229397
14944,172,109.8,9%,27,-1178557
14946,147,106.2,16%,35,823604
14948,186,145.1,9%,39,-111413
14952,261,169.3,26%,69,-1008682
14956,99,34.9,8%,54,-3240969
14957,215,128.3,16%,75,-1749001
14959,343,243.6,22%,86,-469497
14961,278,186.6,7%,74,-1570765
14966,207,142.9,10%,60,-1315825
14972,217,209.8,6%,-2,3414505
14975,216,192.8,30%,9,3831532
14977,143,124.2,23%,20,2190468
14978,55,43.4,9%,-1,768636
14979,117,78.3,9%,19,-453911
14980,65,58.3,30%,3,681943
14981,130,111.9,25%,10,1319793
14982,150,88.8,17%,50,-839801
14983,107,68.0,63%,31,598258
14984,147,95.2,12%,40,-849703
14986,107,102.4,13%,-3,837789
14987,145,109.9,5%,22,-440224
14993,102,80.9,20%,19,226903
15003,130,78.7,29%,48,-1130475
15007,67,50.5,22%,8,290849
15008,215,154.1,10%,39,-1036976
15009,29,16.3,26%,0,330565
15030,142,35.6,8%,98,-5171748
15031,275,111.9,7%,160,-9622529
15032,102,89.8,4%,10,-443420
15033,205,186.0,0%,17,26541
15035,140,109.5,10%,23,718583
15036,106,98.5,38%,9,2105469
15037,273,263.2,29%,7,4211473
15042,182,170.8,17%,-15,4428001
15050,106,79.8,17%,22,77563
15083,191,143.5,37%,23,2310025
1521,253,156.2,16%,85,-4119112
1531,258,182.5,18%,55,-891440
1532,215,123.6,16%,91,-4242441
1559,397,307.6,18%,67,3579529
1561,198,115.7,11%,68,-2455208
15878,120,90.8,10%,16,202704
15910,158,86.9,21%,68,-2922459
161,269,178.1,14%,76,-3180863
1610,353,289.8,28%,53,3016381
1630,193,100.2,9%,81,-3501768
1633,205,150.0,5%,36,-425308
1642,103,74.3,14%,21,-153277
16861,118,95.5,43%,24,1006213
1694,242,172.6,20%,58,-1703505
1696,257,199.2,27%,53,-51834
1698,377,268.4,26%,101,178357
1699,115,81.0,22%,24,14851
1769,224,140.6,4%,55,-2011736
17864,127,107.9,48%,18,3004795
1829,223,140.4,23%,56,-1049954
1832,312,276.2,30%,14,5161986
1837,257,198.4,26%,35,1693867
1861,447,405.4,37%,35,7624816
1864,267,213.5,32%,33,2453037
1865,185,129.1,14%,33,-3831
1885,143,74.1,25%,67,-2493788
191,310,260.6,26%,19,4843502
1933,187,130.1,10%,46,-422129
1935,197,126.3,19%,58,-1785603
1942,211,174.5,11%,18,1454934
1969,255,211.4,23%,28,2671283
1970,135,82.5,11%,38,-1070006
1972,122,71.2,27%,50,-980942
1975,176,71.6,14%,84,-3518116
1992,224,184.0,17%,33,1087250
2004,232,195.1,20%,5,3489820
2012,110,85.6,17%,18,40149
202,231,170.2,4%,37,465363
2023,227,92.7,9%,121,-5697667
2024,44,36.7,9%,2,442153
2046,246,229.8,25%,0,5352251
2093,232,177.0,10%,35,406756
2099,284,212.7,23%,61,-179076
2103,243,167.5,26%,58,-435138
2108,228,151.1,20%,56,-1789759
2109,220,177.5,11%,26,1952278
2111,68,44.2,26%,23,-337417
2113,121,78.0,19%,14,554869
2115,283,226.8,29%,25,4400453
2130,47,41.0,1%,0,432714
2143,123,85.7,25%,30,-173574
2144,201,131.1,21%,61,-1480277
2182,238,161.1,24%,58,914878
2191,307,303.7,35%,16,6032646
2192,230,165.0,22%,52,-843054
2208,236,173.0,2%,16,1907410
2214,347,240.9,27%,105,-1660843
2217,102,71.3,31%,30,257284
2229,334,257.2,15%,69,366065
2236,312,265.0,30%,21,4419255
2247,234,177.1,27%,22,3156678
2251,114,63.8,12%,37,-1998162
2265,127,114.3,27%,8,1477593
2271,225,178.0,7%,43,-1025434
2272,324,248.6,44%,69,2825633
2308,88,54.7,4%,31,-1203552
2333,297,261.4,22%,14,4363231
2337,216,153.1,21%,46,502642
2338,282,186.3,27%,77,816074
2379,185,143.3,15%,32,-334520
2401,187,153.0,14%,5,2204353
2403,281,235.0,37%,33,2671255
2405,177,161.7,8%,15,801311
2422,219,188.6,10%,20,2571199
2423,201,190.7,9%,9,2153719
2425,312,281.5,37%,9,5833291
2436,179,132.4,9%,46,-2228170
2442,332,280.9,40%,44,4564266
2452,246,168.4,10%,61,-645181
2453,200,153.5,10%,34,103023
2470,97,61.3,24%,43,-842325
2477,167,135.4,16%,33,79001
2535,271,233.9,32%,22,4889509
2546,400,314.6,36%,79,4152714
2579,533,392.4,35%,120,4955793
2596,138,88.3,11%,31,-645061
2643,315,300.8,13%,6,5461281
2713,234,182.9,24%,16,2725488
2714,210,148.4,13%,58,-1807854
2715,95,77.3,10%,16,491411
2717,232,201.2,11%,36,916689
2725,122,103.4,11%,15,934887
2736,323,248.8,37%,57,3862699
2786,257,180.2,30%,66,1432048
27902,136,93.2,13%,30,178391
27905,119,77.7,34%,30,288721
27917,130,94.0,20%,7,1205405
2792,201,145.7,18%,50,-564239
27921,119,121.5,15%,-9,2371177
2794,258,220.6,28%,17,4458689
2798,210,161.5,9%,18,1916668
2808,180,122.2,10%,32,-203069
2823,236,211.9,18%,19,2581793
2835,122,90.8,16%,25,-107325
2842,209,114.5,22%,83,-2728356
2847,221,180.1,16%,28,963460
2854,295,254.2,24%,38,1348034
2858,311,267.3,43%,16,6707784
2882,317,227.0,35%,76,1544505
2900,185,120.6,20%,46,-661157
2911,131,71.6,24%,68,-1748074
3002,300,248.5,41%,40,6056714
3043,102,59.0,20%,40,-1052282
3069,225,182.4,34%,27,2577793
3070,151,114.1,22%,28,617891
3092,239,176.3,17%,62,-1379366
3093,152,106.3,31%,43,3583304
3094,223,179.9,23%,38,755455
3095,260,204.7,41%,47,1408489
3098,189,143.2,18%,41,-347747
3105,192,156.3,30%,33,1648208
3111,256,207.7,13%,38,1889223
3112,241,177.0,28%,41,1336378
3114,89,36.6,15%,51,-2160043
3199,12,7.8,36%,1,133103
3207,218,118.4,8%,88,-4536605
3215,245,230.2,28%,0,6209735
3231,470,381.6,36%,59,7374457
3233,133,93.6,29%,36,343541
3235,440,388.5,30%,20,8271199
3237,220,164.2,20%,25,1229949
3238,228,137.7,17%,91,-2690271
3248,218,180.3,35%,29,2281666
3250,261,226.5,47%,30,4552989
3251,120,72.7,17%,54,-1758623
3254,226,138.1,29%,82,-1610918
3255,161,93.0,16%,64,-2083030
3257,296,251.4,39%,33,3655976
3258,230,177.8,26%,18,2536672
3261,141,96.5,14%,53,-1769013
3262,161,127.5,8%,6,2075804
3263,223,208.6,13%,15,2759505
3264,315,253.3,36%,66,2351133
3271,270,202.1,21%,60,1266160
3320,147,90.4,13%,52,-1795825
3322,114,80.8,21%,28,-566149
3324,93,80.8,8%,11,879587
3326,141,109.9,14%,27,167674
3342,193,165.1,40%,28,2667786
3355,253,124.6,31%,23,2121672
3365,232,148.1,31%,69,-861114
3369,190,104.1,28%,68,-1527398
3370,4,0.3,7%,0,15078
3371,293,232.4,33%,54,2563317
3376,268,210.6,24%,29,3880723
3386,293,258.0,50%,30,6201862
3387,254,192.3,27%,61,-500529
3388,332,275.5,35%,49,4050052
3390,287,240.9,30%,44,3403138
3391,283,267.8,54%,18,6850263
3393,276,234.8,40%,37,3577688
3394,179,103.5,21%,65,-2440449
3399,251,176.1,32%,62,891236
3400,153,128.5,14%,28,459330
3418,289,232.8,44%,19,6143606
3425,298,232.9,31%,59,2012855
3427,399,281.1,31%,108,-785333
3432,365,303.5,42%,57,4313270
3437,120,81.3,13%,38,-1161365
3440,198,157.9,30%,38,1290084
3447,259,243.4,45%,14,7155344
3454,189,146.7,38%,35,1822567
3469,303,257.7,48%,43,4830191
3471,156,144.0,15%,11,1422349
3501,285,231.4,16%,40,3360387
3502,391,364.6,37%,21,6125696
3520,293,256.5,38%,27,5353895
3547,209,154.7,25%,30,1367736
3555,355,321.7,25%,13,4582517
3588,336,268.9,37%,42,5711716
3589,147,126.5,35%,10,2394236
3590,262,215.7,19%,35,798810
3600,241,181.4,29%,51,1017137
3610,226,198.0,8%,21,2579020
3612,231,140.5,9%,78,-2733604
3615,363,318.6,31%,40,2831933
3616,450,355.8,39%,87,4797785
3624,211,185.6,17%,22,2199250
3645,301,263.3,23%,31,4196671
3646,198,166.9,23%,28,2053174
3647,497,428.9,41%,56,6200199
3648,264,239.4,36%,20,3595811
3650,272,216.8,23%,42,1260468
3652,295,232.8,42%,61,3229261
3667,258,183.6,20%,69,-1568735
3668,241,203.4,40%,34,5501178
3669,286,249.4,34%,17,4919503
3673,245,186.6,43%,44,2713800
3682,329,308.4,33%,18,4785109
3683,278,225.3,30%,49,569014
3692,271,207.9,41%,54,2516768
3696,303,251.4,25%,45,1487797
3711,189,133.7,19%,34,13431
3712,335,272.0,40%,49,3196835
3713,221,147.7,11%,67,-1981674
3741,339,288.0,41%,45,2782799
3743,326,255.8,31%,65,1743559
3750,186,120.3,33%,64,-1167507
3751,306,261.4,54%,43,5294096
3759,183,119.7,24%,46,-7068
3761,422,383.3,32%,23,6794730
3768,66,44.2,25%,20,7143
3771,504,412.7,30%,82,4032426
3773,275,226.3,40%,48,4394940
3774,309,249.4,33%,56,1925942
3786,118,85.0,11%,39,-723154
3802,95,93.3,27%,-5,2139172
3807,344,297.8,38%,48,4114702
3818,234,142.2,21%,67,-1818267
3825,90,74.2,16%,16,68551
3826,146,108.7,25%,30,759973
3827,205,178.6,45%,23,2639034
3828,411,316.9,37%,69,4342191
3829,196,127.1,18%,62,-2461838
3836,253,197.6,29%,54,799717
3837,335,273.9,35%,32,3857269
3852,150,90.0,19%,53,-1091954
3853,260,216.3,54%,35,4816353
3854,232,185.5,28%,35,2450344
3856,325,268.8,25%,43,1683774
3857,359,298.1,27%,64,712106
3871,448,403.4,39%,16,8308182
3874,232,174.0,22%,39,419838
3890,182,147.4,48%,33,4130356
3891,308,230.0,21%,69,-324913
3892,304,265.4,19%,6,4410678
3893,343,295.0,44%,44,5324902
3915,302,256.3,26%,51,785187
3959,334,303.7,34%,25,3627381
3969,232,170.1,20%,57,-631339
3970,246,212.6,39%,29,2442066
3971,297,249.9,31%,35,1776733
3972,259,209.7,37%,46,3725717
3974,218,194.0,35%,18,3607620
3983,100,64.1,15%,37,-1480538
3985,233,209.3,34%,25,2770274
3989,58,41.4,11%,13,69653
3990,525,465.4,39%,37,11550179
3999,195,163.8,32%,31,1926276
4000,163,124.4,26%,34,-7629
4001,438,398.1,43%,23,8720294
4003,202,171.2,17%,23,54207
4072,320,242.3,27%,74,843129
4073,314,250.4,27%,64,928018
4074,195,145.1,11%,40,-646097
4075,322,210.7,34%,95,-1194336
4077,322,301.0,43%,19,6015866
4086,607,476.9,38%,130,4877471
4134,363,332.0,52%,24,7923308
4219,203,168.6,40%,37,2176483
4220,432,317.9,39%,83,3891176
4221,311,286.4,25%,20,2847569
4222,295,245.7,41%,43,4213153
4223,333,216.0,24%,108,-2091084
4231,334,296.7,23%,36,1289727
4244,174,132.9,37%,28,1507973
4245,355,316.3,35%,44,4936191
4246,227,192.5,19%,35,-219373
4247,322,265.8,28%,37,2777020
4250,293,269.3,17%,16,2529745
4255,324,284.8,47%,28,6063331
4263,283,248.3,39%,22,6465119
4269,619,557.9,57%,58,12382507
4271,280,216.4,36%,62,681846
4272,501,421.1,42%,58,7982658
4284,365,321.5,36%,46,3406677
4288,209,174.2,34%,36,2014893
4290,370,297.3,25%,77,611773
4291,287,250.1,31%,32,2598102
4292,277,151.2,24%,114,-3641786
4300,301,257.0,32%,34,3718473
4320,377,311.7,34%,47,3694341
4324,95,75.2,23%,24,112649
4325,302,261.9,29%,29,2343371
4331,378,337.6,34%,49,3384045
4332,315,273.6,33%,40,4323460
4333,215,119.7,12%,97,-5330237
4339,173,154.5,38%,12,2306018
4340,485,436.6,38%,40,7312874
4341,438,426.2,53%,-2,13290792
4345,307,252.5,33%,36,3447872
4361,200,151.0,28%,51,-56516
4362,263,198.7,36%,55,1607070
4363,277,226.6,31%,26,3709498
4364,275,238.6,29%,42,959359
4365,316,271.5,41%,47,3364983
4368,241,210.5,23%,12,3505730
4369,369,342.4,37%,10,8578075
4370,297,248.9,31%,41,2233349
4371,266,217.9,29%,39,1820619
4373,317,289.2,32%,25,3466595
4374,265,225.7,28%,25,3242117
4375,348,285.6,33%,63,3913540
4382,267,222.5,30%,36,2684998
4383,138,126.0,39%,1,1499898
4384,150,150.0,50%,-7,3056416
4385,131,121.8,64%,1,3321611
4386,180,168.2,59%,-3,3855326
4388,246,219.2,34%,13,4051465
4389,275,233.0,35%,36,2918656
4390,295,267.8,35%,19,3636777
4395,431,349.4,36%,84,3733901
4405,265,180.5,31%,78,-173454
4406,238,204.8,25%,26,2882942
4407,313,279.0,38%,32,4660452
4408,373,342.2,43%,23,6702493
4409,680,572.5,49%,104,9525951
4410,293,251.1,43%,35,3588320
4411,374,278.7,26%,79,-64451
4412,234,221.4,32%,7,3918482
4413,197,185.2,43%,0,2540693
4414,199,195.7,47%,-3,2803140
4415,152,134.0,44%,6,1822716
4416,244,215.7,36%,19,3169588
4428,386,334.9,42%,40,4739291
4429,315,282.6,41%,36,2419993
4430,283,228.8,32%,41,2716228
4431,319,289.7,33%,27,3609031
4437,284,227.4,39%,49,3623927
4438,281,246.6,51%,23,6747986
4439,150,91.7,15%,55,-2588998
4440,214,191.2,28%,16,2411085
4448,303,236.5,24%,74,1092033
4450,398,366.9,44%,31,7174616
4451,336,286.4,30%,52,2777073
4459,114,96.4,20%,10,223290
4460,209,179.4,26%,18,2461352
4461,263,227.3,29%,33,1166992
4462,188,144.4,17%,40,-125037
4463,223,193.4,18%,20,2285074
4467,180,130.2,18%,43,-353709
4476,377,309.2,47%,60,5156513
4477,480,428.5,35%,23,8183152
4478,368,303.4,57%,56,6813925
4479,329,264.3,31%,55,2225563
4480,287,234.3,32%,41,2794051
4482,181,148.0,30%,29,142954
4483,200,162.5,20%,30,-663594
4484,295,273.6,54%,-3,6571361
4487,119,116.8,59%,-3,3171504
4492,278,255.9,35%,18,4187775
4493,215,156.5,31%,49,1523547
4498,230,207.3,41%,21,3186528
4499,504,459.0,50%,34,11087397
4500,385,340.8,38%,31,5893328
4501,362,340.7,48%,17,8432196
4502,239,222.5,29%,18,1543474
4504,348,294.3,31%,46,2474203
4505,332,309.1,45%,16,8787155
4506,242,220.0,31%,9,3118084
4510,357,306.1,32%,49,1945379
4511,299,255.5,32%,48,2380010
4512,653,592.2,49%,41,16818712
4520,127,78.5,25%,43,-1157624
4524,107,100.7,36%,-3,1634382
4530,302,256.7,39%,43,3360900
4532,250,244.1,41%,0,3480253
4533,328,281.9,38%,41,4097736
4534,352,301.4,39%,46,6629474
4535,262,204.8,38%,47,2252352
4537,335,286.9,14%,46,1549733
4539,265,221.4,28%,42,742541
4540,129,119.5,41%,0,1834065
4541,311,277.4,34%,22,5725245
4546,245,173.3,7%,59,-21264
4547,190,107.7,16%,51,-885996
4548,514,438.4,48%,34,11594683
4549,243,236.3,57%,6,6106073
4550,207,165.4,47%,39,2679105
4551,503,415.0,42%,82,6053874
4552,197,179.1,37%,8,3419496
4554,286,219.3,21%,50,-592126
4555,325,279.3,26%,42,1543701
4569,219,175.3,30%,42,886271
4570,248,220.7,26%,-12,5888379
4573,223,189.3,35%,25,1787044
4581,281,241.1,39%,33,3425034
4582,237,188.2,37%,48,2025759
4583,162,140.2,10%,21,591388
4584,156,143.3,51%,2,3247099
4585,215,183.4,9%,17,1729226
4593,137,117.0,25%,22,612988
4594,221,165.4,23%,40,904957
4595,277,218.2,33%,46,2483094
4596,296,219.3,27%,60,1442752
4598,144,99.5,24%,47,-1277374
4602,305,281.9,24%,22,2450286
4603,159,131.5,33%,25,1938892
4610,340,288.7,39%,14,7210158
4611,23,17.2,5%,3,-124171
4612,128,119.7,41%,-2,1834446
4616,233,176.3,33%,55,890702
4620,550,406.7,27%,143,-2663866
4623,258,233.5,39%,15,4807635
4624,760,675.3,41%,81,12598513
4626,130,120.3,51%,4,2343327
4627,247,222.5,17%,19,742504
4628,284,237.4,39%,39,4084251
4629,292,229.2,30%,48,1914191
4630,149,148.1,62%,-2,3273027
4634,271,246.9,39%,24,4036266
4636,231,148.3,41%,73,-642941
4637,172,130.9,24%,39,406084
4641,176,124.4,33%,38,941729
4642,357,322.5,43%,34,5686931
4643,167,134.0,4%,30,-1715869
4646,98,84.0,26%,12,753251
4651,170,138.1,25%,27,689975
4652,378,346.2,23%,31,4189414
4658,347,311.6,35%,31,4504236
4659,200,156.0,24%,29,184013
4664,280,260.4,42%,11,6261156
4665,280,240.6,35%,38,3403030
4671,335,292.1,37%,44,2634516
4675,191,124.8,8%,52,-1072585
4676,274,197.4,36%,77,-313179
4677,323,264.8,27%,23,4374966
4678,363,269.2,33%,79,2633916
4683,258,240.0,37%,5,3352243
4684,103,96.0,16%,-1,1297238
4685,224,177.3,26%,34,1060208
4686,274,253.4,23%,8,3918112
4687,204,167.4,8%,31,-752564
4688,203,173.3,14%,24,645497
4689,203,183.3,30%,12,1844874
4691,87,69.0,19%,13,20777
4692,345,278.4,38%,64,2498277
4693,284,258.2,32%,27,3063347
4701,199,169.8,39%,28,3418168
4704,271,227.8,37%,41,2773608
4705,279,234.8,45%,33,4150604
4707,219,179.2,40%,25,3350811
4708,231,180.6,21%,32,1808213
4713,664,623.4,50%,41,15902807
4719,265,213.8,19%,32,2175664
4720,290,253.7,25%,19,2715548
4721,236,192.0,30%,26,3446885
4722,259,243.0,62%,22,5709623
4723,353,285.0,37%,57,1846376
4724,199,135.9,18%,69,-2088141
4729,329,286.6,39%,30,4578558
4730,227,176.0,29%,49,752334
4731,512,461.9,40%,54,7631138
4738,221,185.8,35%,27,1754422
4741,189,160.0,18%,26,-314840
4742,125,104.3,21%,11,754986
4743,360,317.3,40%,32,4510820
4745,297,284.4,21%,10,4615285
4746,53,39.4,15%,15,-64076
4748,381,326.4,44%,54,5609647
4749,532,489.8,44%,45,10724775
4750,334,301.0,37%,35,4114620
4751,441,417.0,48%,21,8786384
4752,372,327.6,45%,39,7218177
4753,254,226.6,16%,25,1018600
4754,525,409.2,39%,107,5065340
4756,136,95.0,15%,38,-1503259
4757,91,56.9,25%,31,-826949
4760,169,163.5,23%,-5,1354452
4761,136,124.9,43%,2,2198900
4762,227,177.5,26%,38,1685453
4763,238,215.8,28%,26,2601422
4764,217,173.9,30%,36,867795
4765,142,128.5,32%,1,2722642
4766,125,109.4,36%,6,1154045
4767,221,197.7,33%,13,4718045
4768,124,120.3,77%,-2,3647377
4771,346,310.2,42%,24,6597824
4774,421,385.4,38%,34,7859911
4775,246,200.2,11%,32,-313230
4778,231,213.8,38%,3,4289042
4779,263,236.4,48%,13,5610030
4780,228,195.8,38%,28,3277819
4781,505,477.2,40%,17,8805398
4783,566,504.9,44%,62,8905151
4788,205,174.7,26%,-55,4672356
4789,332,293.5,50%,30,5564045
4799,202,179.5,24%,13,1760680
4806,153,140.3,53%,1,3140120
4807,102,95.5,27%,1,846632
4812,382,343.2,47%,32,8913132
4814,339,251.8,31%,74,491541
4817,384,379.4,52%,6,13772331
4819,246,194.5,39%,44,2575875
4820,233,207.1,35%,-19,5243255
4821,240,216.0,30%,22,2822144
4822,149,111.3,18%,33,-127750
4823,214,188.8,44%,27,3555647
4833,373,338.7,37%,22,6197193
4834,116,79.5,32%,33,-443488
4836,289,231.7,36%,46,2414340
4837,332,254.7,30%,56,2262518
4842,226,190.3,16%,19,641922
4843,214,165.6,39%,43,1146305
4844,156,82.4,11%,83,-4775236
4845,211,162.3,16%,45,462248
4846,233,197.7,32%,8,4700907
4847,196,183.9,10%,15,1137603
4848,223,171.8,21%,49,-865010
4853,109,99.8,33%,5,1762448
4854,241,196.4,48%,30,5060063
4867,184,174.8,12%,9,1515540
4869,284,270.6,34%,9,5974623
4870,252,204.4,20%,34,1364052
4871,218,145.9,16%,74,-1677686
4875,197,185.0,23%,11,1972595
4876,232,194.2,39%,32,2240416
4877,96,86.2,31%,11,1164830
4878,130,118.8,32%,1,1171255
4880,227,168.4,10%,51,617688
4883,215,151.5,32%,63,-1324427
4885,26,25.1,12%,0,140552
4886,50,33.0,9%,20,-882644
4887,666,607.0,57%,45,16961836
4888,269,241.7,40%,22,4827313
4889,308,270.1,43%,38,4186468
4890,234,219.6,41%,10,4193064
4891,274,251.8,43%,8,5115475
4892,282,227.2,36%,41,3969843
4893,368,315.6,43%,15,8193142
4894,193,184.3,28%,9,1021768
4895,279,251.5,42%,12,5549373
4897,171,90.9,22%,75,-2357899
4898,304,249.6,29%,38,2968759
4899,242,184.8,28%,40,1871405
4901,317,250.8,26%,59,1380511
4902,260,230.0,33%,26,2621372
4903,63,43.8,6%,22,-1396464
4904,198,163.2,26%,36,-387900
4905,230,191.3,23%,27,1663409
4906,152,114.7,11%,26,-83619
4907,200,174.6,31%,19,2084974
4914,271,248.3,39%,13,4805747
4916,158,143.5,18%,12,436284
4917,340,332.3,42%,13,5430827
4925,271,241.8,41%,11,6147841
4927,323,297.0,45%,6,8199198
4928,293,259.3,34%,25,3781651
4933,347,324.6,42%,19,6073507
4934,167,158.3,42%,1,1935760
4935,210,181.7,29%,17,1800774
4936,309,287.7,32%,9,2661710
4937,110,80.2,18%,28,-184563
4938,171,164.5,37%,2,3276812
4939,231,187.4,28%,43,1562867
4941,392,363.8,47%,10,9071589
4942,257,229.2,49%,18,4265604
4946,248,217.5,47%,32,3727441
4947,388,355.6,37%,28,6486897
4950,410,336.5,33%,67,3235184
4951,289,269.0,42%,30,3873986
4953,181,123.5,18%,55,-2366534
4955,149,87.8,10%,57,-2981550
4961,164,119.4,27%,42,323938
4963,268,229.0,41%,39,4121751
4967,192,136.5,16%,52,-1435863
4968,209,165.1,33%,37,1781353
4969,138,89.5,29%,47,-1076695
4970,134,97.9,25%,38,-496915
4971,164,121.7,15%,37,-863406
4972,160,151.3,42%,-1,2173473
4978,116,105.7,28%,0,1018230
4979,102,91.3,22%,2,567803
4981,217,186.9,22%,12,2548103
4985,220,184.2,30%,30,2509533
4986,258,224.0,20%,30,1396593
4990,338,278.7,35%,56,1774996
4991,297,260.2,34%,36,2355597
4992,312,263.3,32%,38,4798679
4993,245,157.7,22%,74,-824778
4995,231,185.1,11%,47,-1486501
4997,346,323.1,50%,27,10700996
4998,358,315.8,40%,16,7511590
5002,195,134.5,32%,57,-717405
5003,253,203.9,28%,49,676155
5004,208,153.1,15%,38,-515593
5006,162,138.1,34%,-4,2236051
5007,318,284.6,57%,37,6349006
5008,136,127.0,31%,3,1409570
5009,183,165.0,35%,10,1610486
5010,304,248.8,35%,53,2190386
5014,160,122.5,19%,33,-1097732
5015,311,289.6,46%,-5,8407076
5016,107,85.5,24%,9,788283
5017,245,208.3,34%,34,2908619
5019,184,146.1,18%,25,600478
5020,184,163.2,41%,13,2053497
5021,115,107.8,27%,0,1027317
5022,93,89.4,7%,-1,261852
5026,492,434.4,45%,45,7425962
5027,233,215.2,22%,9,2966878
5028,241,223.8,29%,9,3169516
5029,257,202.4,28%,46,1005426
5034,236,195.5,27%,46,337358
5036,410,368.1,51%,39,8494084
5037,247,207.1,33%,29,3038092
5038,262,232.7,36%,33,2141820
5039,429,364.5,32%,54,3577684
5040,427,379.7,41%,36,12107074
5043,222,164.6,15%,58,-1833718
5046,156,133.9,23%,9,1898230
5048,173,121.4,27%,44,-1443792
5049,215,192.4,47%,15,4337123
5054,181,167.3,47%,3,3935597
5055,173,160.3,29%,10,1757574
5056,268,237.4,26%,30,3391244
5064,200,160.9,22%,25,607294
5065,184,131.8,18%,55,-1251274
5066,214,154.3,18%,63,-2297629
5067,425,364.6,39%,54,7061264
5068,93,76.7,38%,18,1213087
5073,106,81.9,22%,17,432361
5074,267,221.4,50%,32,5111120
5076,210,167.4,15%,29,763865
5077,319,287.5,42%,16,6530271
5078,232,217.8,40%,4,4466671
5079,120,107.8,37%,3,1698753
5082,197,150.2,28%,42,840059
5083,282,239.5,46%,28,4265250
5084,313,262.2,51%,40,6759114
5091,276,250.5,38%,21,4062120
5092,324,288.6,35%,28,4166766
5093,144,139.7,55%,-8,3454305
5094,151,139.6,66%,4,3741914
5095,224,174.0,42%,31,3489375
5096,182,135.7,23%,44,-527034
5098,238,197.6,30%,42,257418
5099,250,170.1,26%,79,-1324364
5101,323,261.5,21%,65,536207
5102,274,247.1,24%,28,2402483
5105,230,204.7,33%,21,2568833
5117,200,184.0,23%,21,1130689
5118,191,159.6,23%,13,2349418
5119,310,270.3,33%,34,4912182
5120,252,239.8,50%,12,5276327
5128,218,189.7,37%,26,1340531
5134,307,283.3,43%,16,5991666
5139,166,150.4,22%,2,1191790
5143,223,179.8,16%,29,926445
5151,158,144.7,47%,8,2514224
5152,116,113.0,56%,-1,2574884
5153,148,156.6,40%,-14,3170788
5154,343,299.3,39%,44,4661339
5156,146,117.1,24%,28,-126368
5157,131,116.0,18%,10,145974
5163,232,182.2,32%,43,876056
5166,206,132.7,16%,68,-2075869
5169,193,152.0,26%,45,261894
5176,227,161.1,8%,48,-1809531
5177,263,247.7,50%,13,4961203
5178,218,182.8,33%,27,1697231
5179,258,259.8,39%,-14,8244932
5180,289,214.1,30%,74,1025061
5181,207,173.0,35%,30,1868402
5182,185,127.8,28%,50,-119658
5190,238,183.0,35%,47,970354
5191,147,104.1,18%,38,-768000
5193,102,91.4,32%,20,401124
5203,107,85.2,33%,16,790518
5204,317,277.5,30%,41,1052412
5206,129,104.0,31%,31,-255826
5208,287,241.1,34%,50,1243896
5211,168,157.9,61%,2,3649873
5214,247,185.3,21%,67,-437766
5216,265,206.1,29%,49,880001
5217,116,107.4,24%,0,1158597
5218,121,116.9,53%,-3,2212506
5219,113,102.0,37%,9,1733197
5220,318,290.5,39%,20,6850615
5221,134,103.7,22%,25,-124652
5227,136,109.1,30%,26,945163
5228,219,150.2,40%,63,255679
5229,408,292.9,26%,108,478760
5231,24,19.6,55%,5,215361
5233,163,154.1,33%,-2,1979606
5234,312,283.7,48%,29,4799637
5235,190,152.5,34%,35,-3097
5236,248,198.6,32%,40,2546128
5237,190,168.0,37%,14,3307149
5238,172,155.7,25%,15,2107928
5239,127,96.7,33%,21,1244050
5240,210,171.8,29%,24,1374282
5242,190,138.8,16%,33,-355301
5245,126,117.8,53%,0,2407187
5246,304,263.6,32%,38,2666695
5247,192,157.0,37%,35,1458112
5256,349,336.1,41%,17,5894239
5258,258,146.4,25%,90,-2823448
5260,251,194.4,41%,55,2737883
5261,466,419.1,40%,43,6297088
5271,157,104.5,16%,55,-1613652
5272,273,231.0,43%,41,3987034
5273,335,292.4,56%,42,6513524
5274,16,1.0,0%,14,-894056
5275,164,140.2,26%,18,-20552
5278,162,146.2,24%,10,316836
5282,237,169.7,21%,70,-807232
5283,184,184.1,60%,-9,4621413
5284,124,109.5,41%,5,1475174
5289,186,143.4,22%,36,-18939
5290,262,219.4,42%,27,3713483
5291,256,207.9,24%,20,2499031
5292,285,239.5,29%,37,2644282
5293,323,313.9,33%,8,6118585
5294,188,176.3,29%,-4,3232412
5296,170,142.3,28%,12,1936247
5298,202,161.6,24%,22,2060088
5300,173,119.6,16%,43,-1111389
5304,145,105.5,19%,40,-1419757
5307,172,162.9,32%,6,1417612
5308,172,119.5,13%,45,-1901968
5309,179,168.6,14%,2,780343
5310,117,108.3,27%,1,950806
5311,267,219.5,36%,52,1996112
5312,174,133.9,28%,42,-26822
5313,286,265.2,28%,20,3924934
5314,206,170.4,28%,14,3212039
5329,103,90.7,31%,8,691438
5331,130,138.6,29%,-4,1625754
5333,256,223.2,31%,35,1661955
5334,108,105.0,38%,-1,2331223
5336,267,240.0,38%,18,3462458
5344,68,48.3,30%,22,31029
5346,165,118.2,19%,21,55644
5347,91,78.5,10%,16,-452155
5353,172,103.3,9%,65,-2619816
5354,293,278.4,36%,7,7035967
5356,123,109.2,33%,4,1131383
5385,235,208.2,41%,18,3553804
5387,195,139.9,23%,46,-624899
5388,469,456.0,52%,11,11344834
5396,133,122.0,30%,4,1607226
5397,240,204.3,29%,18,3859085
5398,92,69.8,10%,24,-480866
5399,163,107.2,13%,50,-1644697
5405,187,174.6,65%,2,4171213
5413,202,179.4,42%,21,4040500
5414,185,174.0,22%,-2,2525882
5415,210,190.5,18%,-1,2368084
5421,281,264.2,40%,18,4668190
5425,228,171.1,17%,56,-1067702
5426,265,173.0,24%,82,-516119
5428,394,357.2,62%,17,11378948
5431,25,23.6,10%,2,58912
5443,250,200.2,33%,42,1506870
5444,141,128.3,26%,0,1631550
5447,137,116.1,18%,10,614009
5449,90,80.2,23%,9,842167
5450,208,189.9,39%,15,3099862
5451,276,260.7,29%,2,6499385
5452,200,191.1,39%,-1,2736000
5453,203,146.8,34%,59,283068
5454,256,211.6,43%,41,2874006
5455,207,184.1,33%,9,3109605
5456,223,199.8,38%,17,3255393
5458,190,153.0,25%,18,1724084
5460,165,147.0,4%,14,-480591
5461,192,146.0,22%,43,16723
5473,176,120.0,11%,53,-1354114
5484,157,143.6,32%,22,1397366
5485,351,306.9,19%,38,3029124
5486,220,176.4,37%,36,2007160
5487,312,272.0,34%,35,3543842
5488,309,233.9,40%,52,4068333
5489,169,160.8,35%,0,2322482
5490,15,12.1,9%,2,-34237
5498,266,237.6,54%,27,4670017
5658,229,174.8,16%,54,-1491092
5659,197,172.0,20%,21,722917
5661,236,208.3,45%,23,5002708
5662,147,141.4,29%,4,819572
5663,246,216.1,40%,23,4638657
5680,166,120.3,26%,40,-427544
5686,189,145.4,42%,43,1071598
5687,521,462.7,45%,36,10713816
5690,192,172.7,32%,24,3359931
5706,141,134.5,41%,-2,2040558
5722,334,281.1,40%,44,6216515
5723,256,210.2,36%,39,3124121
5725,167,104.9,17%,58,-1793428
5726,227,168.1,31%,58,838203
5727,141,124.6,19%,18,61042
5743,219,152.5,30%,63,-106425
5744,263,220.1,31%,28,3924543
5745,217,175.4,26%,40,896127
5746,324,301.2,39%,20,5143656
5757,239,223.6,33%,10,4599653
5758,231,206.3,42%,10,5119750
5759,221,200.6,29%,14,1208263
5761,172,136.9,25%,31,1033581
5762,159,154.0,29%,3,2460740
5775,188,147.7,19%,33,-243368
5776,360,316.7,50%,47,6401346
5798,280,246.9,44%,19,6310781
5799,115,104.2,22%,12,251191
5803,224,193.3,48%,29,4440476
5804,229,202.2,41%,16,3843897
5805,202,182.5,23%,15,677478
5806,279,244.0,37%,17,3927508
5807,302,275.0,43%,6,6829720
5808,198,180.3,21%,8,1853666
5810,234,186.9,34%,30,1903535
5811,282,264.5,40%,15,4782069
5812,164,114.2,15%,53,-2300935
5815,279,251.1,49%,32,4236274
5816,265,209.4,27%,56,-421291
5818,175,172.4,42%,-5,3809301
5820,286,247.7,43%,31,5109609
5821,269,230.1,38%,36,3850139
5822,233,201.0,46%,8,4781318
5827,201,113.8,16%,86,-3599969
5896,359,311.0,43%,40,7347725
5897,198,187.6,30%,10,1083328
5942,165,128.8,27%,31,439224
5945,116,93.9,28%,16,700898
5948,257,215.2,34%,43,2594451
5951,419,380.6,48%,-1,9786758
5953,270,145.5,30%,103,-1731592
5978,173,163.5,38%,-1,1931773
5979,275,238.1,45%,24,6996698
5980,197,147.8,33%,46,532580
6004,310,232.7,24%,75,449922
6006,173,168.8,21%,-2,1379624
6007,116,99.4,19%,15,387090
6008,275,246.6,20%,18,3330940
6020,241,220.5,41%,18,6955457
6022,299,227.9,37%,58,1796269
6025,203,148.2,14%,55,-1114172
6026,230,185.8,35%,39,1559557
6027,276,262.2,26%,13,2485832
6029,126,117.8,13%,2,1518358
6030,321,258.8,19%,57,845571
6031,301,282.5,30%,18,4118871
6040,228,157.2,14%,69,-1944585
6041,308,278.9,34%,27,4025257
6042,142,134.0,44%,0,2119497
6043,120,111.3,47%,1,2001360
6054,314,210.5,31%,85,-92730
6055,130,117.1,18%,1,401158
6057,248,199.6,30%,45,424223
6058,168,159.0,15%,2,1001000
6059,176,151.2,29%,19,1251490
6060,168,148.1,26%,14,1306463
6061,197,169.2,43%,7,3793452
6063,221,174.5,15%,37,-274064
6064,245,208.2,51%,33,4212771
6065,329,297.8,26%,23,4738827
6069,354,314.1,26%,27,4032153
6070,236,174.9,21%,56,-728971
6071,265,230.9,33%,21,3654926
6072,230,179.5,23%,33,842400
6073,413,362.2,41%,54,6642942
6074,327,300.9,38%,15,7467908
6075,157,142.0,36%,8,1193038
6086,334,298.7,33%,33,4382215
6087,293,258.4,36%,30,2252265
6098,322,288.3,28%,25,3803371
6109,199,142.8,20%,58,-1066563
6110,488,436.7,39%,42,9612865
6111,98,75.9,11%,13,-395181
6112,187,161.2,32%,15,1741269
6114,409,326.7,28%,76,1956658
6116,110,107.3,31%,-3,1425875
6117,218,159.2,21%,43,-197189
6119,205,188.5,44%,9,3833710
6129,296,233.6,32%,53,1013185
6130,319,271.7,38%,31,4162043
6131,278,235.2,35%,29,2586178
6132,141,123.6,23%,12,1165261
6133,291,242.3,28%,38,3562320
6134,114,97.8,31%,11,716396
6135,169,157.3,44%,-1,3544324
6136,167,160.1,36%,1,3291860
6138,306,221.2,24%,73,-1225397
6139,92,82.4,22%,5,890716
6140,160,143.5,26%,7,904322
6143,255,225.8,30%,15,2851315
6145,155,107.0,8%,31,-1257654
6148,300,267.3,35%,34,2898540
6149,80,70.0,24%,13,77431
6153,85,58.5,21%,24,-48548
6154,259,216.0,35%,35,2731372
6155,284,267.9,33%,21,4432894
6157,310,291.1,31%,9,3472436
6158,292,250.5,19%,29,755786
6165,409,344.3,36%,64,5867261
6166,278,247.4,33%,34,3529320
6183,279,231.9,38%,41,3295920
6184,363,322.1,53%,38,7348784
6187,235,167.5,32%,7,4378632
6188,344,276.9,36%,62,3041107
6189,255,208.2,48%,35,4025984
6190,222,196.5,44%,25,2427550
6191,171,125.9,36%,41,349353
6192,177,155.1,28%,21,678801
6193,214,191.9,27%,14,2610466
6198,232,217.4,36%,9,3868297
6202,208,149.4,32%,40,663928
6203,183,173.2,36%,9,3641055
6204,242,226.1,56%,17,5502335
6205,168,129.8,25%,30,369835
6211,128,123.1,45%,-2,2063736
6212,126,122.0,44%,-5,2468479
6214,256,176.7,23%,77,-1419696
6215,497,460.4,47%,32,11494971
6216,135,128.9,49%,-2,2556789
6217,102,97.6,29%,-1,1197785
6218,152,141.0,64%,-2,3892340
6219,160,130.3,16%,22,-123186
6220,298,291.4,48%,10,5983198
6221,185,149.9,26%,30,616417
6222,346,320.3,36%,30,4847700
6224,263,228.8,41%,31,4127406
6225,194,153.7,25%,35,782129
6226,239,154.2,17%,76,-2495077
6231,163,154.6,38%,0,2004292
6232,115,100.9,38%,8,1751647
6233,170,166.0,41%,5,2286647
6234,241,223.7,37%,19,4124810
6235,324,297.6,36%,26,6204675
6238,222,194.9,41%,27,1306801
6239,249,231.7,46%,18,3914376
6243,495,431.6,60%,45,10040088
6244,119,110.7,25%,0,996983
6245,247,170.5,32%,70,-1312229
6247,152,105.3,6%,44,-1727845
6250,367,299.9,32%,65,1852958
6251,340,249.3,32%,76,287154
6253,555,518.8,51%,44,12984358
6254,152,112.0,27%,41,-517604
6256,252,190.1,33%,65,483965
6257,247,203.5,35%,44,1626412
6258,163,159.9,36%,-3,1933082
6259,320,272.4,48%,40,4732037
6260,190,167.8,19%,20,-155243
6262,377,348.4,36%,17,6225317
6263,222,190.2,26%,29,942763
6264,145,124.7,20%,6,1351551
6265,394,307.3,37%,65,1655505
6267,118,115.3,18%,3,643862
6268,218,151.3,17%,65,-2277243
6269,269,221.3,20%,40,1635255
6272,350,311.2,23%,22,5748451
6274,212,152.5,22%,25,1404219
6277,175,153.0,27%,18,763873
6278,279,264.2,42%,19,8030469
6279,225,191.1,34%,28,2154086
6281,152,144.6,41%,2,1906160
6282,135,131.7,43%,0,1907105
6283,297,266.5,39%,31,4960654
6286,362,300.4,45%,48,5363087
6287,258,218.6,33%,47,885558
6288,237,171.6,14%,63,-1871034
6289,263,223.3,32%,-11,5057590
6290,190,140.2,13%,45,-496222
6291,435,390.3,39%,6,11455037
6292,202,177.0,33%,22,2274834
6294,96,92.5,20%,0,928003
6295,234,202.0,23%,32,403584
6296,194,157.9,8%,36,-830566
6297,243,193.3,40%,32,3009635
6304,209,170.1,30%,40,409839
6306,207,131.1,11%,76,-2795268
6307,318,279.8,41%,34,4935855
6308,213,161.1,20%,46,-629927
6309,273,245.1,22%,29,1423978
6310,147,98.1,32%,45,-982660
6311,152,114.8,16%,40,-1053546
6312,209,207.4,25%,-11,4406789
6313,213,199.2,24%,10,2144672
6314,219,191.3,21%,24,1718374
6328,193,145.8,15%,48,-389092
6330,194,141.4,21%,44,-530082
6332,290,260.2,30%,11,3442248
6340,339,324.2,37%,18,4025737
6341,268,228.6,38%,33,2927664
6342,210,190.5,30%,18,2305701
6343,263,224.4,32%,32,2162044
6345,331,264.5,35%,63,1582232
6347,121,113.7,40%,4,2612609
6348,241,238.4,36%,-3,4395193
6349,254,235.6,42%,8,5572981
6353,259,237.6,31%,21,3414387
6359,213,123.0,25%,82,-3174831
6362,243,193.9,28%,33,1683960
6363,412,332.6,36%,63,2737614
6364,159,144.2,31%,-5,2216565
6365,201,141.8,34%,58,-348133
6367,228,214.5,28%,14,1312919
6369,157,119.1,11%,31,-855633
6370,172,134.4,11%,16,1221726
6371,110,88.9,26%,15,385360
6376,226,211.6,28%,14,2094767
6377,361,330.7,49%,39,7094349
6378,350,313.5,43%,31,6115227
6379,162,140.9,37%,18,1714495
6380,152,143.2,31%,0,1721991
6381,123,124.9,41%,-4,1821361
6384,118,102.4,20%,7,753728
6386,9,4.7,0%,0,-13971
6387,275,219.6,33%,44,2228674
6388,218,205.5,22%,8,1240773
6391,296,279.9,46%,12,6229619
6392,181,164.0,25%,28,923369
6393,329,280.8,35%,40,4654067
6398,202,148.4,29%,50,304565
6402,130,110.9,38%,17,1704472
6403,194,156.4,24%,39,992343
6404,101,81.0,22%,6,295903
6406,295,248.2,42%,55,2301020
6407,310,223.4,38%,84,196252
6408,494,388.9,49%,99,7894545
6410,256,226.0,38%,30,3133761
6415,315,217.8,38%,89,288557
6417,98,74.9,15%,20,-591965
6418,376,343.8,37%,22,6594996
6420,248,208.4,29%,40,2238337
6421,186,156.0,24%,39,1619566
6422,291,272.2,43%,5,7238343
6424,220,197.8,22%,25,387578
6426,256,227.7,28%,24,3688043
6428,117,118.6,43%,-6,2076579
6429,174,156.7,36%,11,1873752
6430,158,115.0,19%,36,-690053
6431,142,124.4,23%,14,1202815
6433,148,122.5,20%,24,35437
6434,116,108.8,22%,1,1634068
6438,125,97.2,11%,29,-467194
6439,175,110.8,34%,63,-1526749
6440,188,124.8,38%,62,-1228859
6441,174,122.5,26%,52,-1805292
6442,243,223.3,31%,18,3254748
6453,161,119.2,24%,29,560734
6454,441,397.8,47%,30,10378870
6456,240,159.2,33%,72,-1418771
6457,204,186.8,45%,7,4279044
6466,142,133.9,7%,5,61549
6468,178,155.9,23%,12,1466765
6473,32,26.8,27%,3,346586
6474,254,195.9,26%,44,1052678
6475,356,302.9,28%,41,3996975
6476,158,142.0,26%,1,1295454
6477,115,110.5,42%,3,1773961
6483,164,130.9,5%,17,-727218
6485,347,336.2,28%,13,3829176
6488,154,112.6,18%,24,-512590
6490,237,177.9,23%,62,-1416245
6492,122,112.5,31%,-1,1407120
6495,208,149.5,30%,57,-707241
6496,362,307.7,28%,52,1940484
6498,258,195.0,33%,55,1193227
6499,2,0.8,15%,1,-30303
6509,347,286.0,34%,54,2730611
6510,276,222.9,45%,58,2456137
6511,426,356.1,40%,67,5362029
6512,141,111.4,22%,12,275714
6514,280,213.0,25%,64,448789
6516,274,204.6,29%,69,693682
6518,249,197.3,33%,44,1102203
6519,336,265.3,38%,73,1267728
6520,553,524.9,47%,22,12363035
6521,238,176.6,27%,47,270199
6525,114,110.2,26%,1,1901733
6526,204,128.9,19%,73,-1814156
6527,104,95.4,24%,10,695654
6530,251,173.1,27%,87,-2002984
6534,167,161.4,14%,5,1563912
6536,202,175.6,28%,25,886149
6537,130,106.7,27%,27,-89696
6539,256,240.8,47%,12,3881142
6540,179,160.1,19%,5,2277932
6541,23,16.9,19%,2,157700
6543,192,111.8,14%,65,-2108308
6549,285,225.4,48%,62,2472126
6551,241,170.6,33%,67,-719359
6552,330,268.5,45%,58,3593740
6553,151,130.4,24%,16,409202
6554,176,123.5,23%,47,-632143
6556,239,177.5,25%,57,862063
6557,282,220.4,33%,75,-105397
6558,419,380.6,46%,31,9339389
6560,296,261.8,36%,27,4348160
6561,177,145.3,25%,23,979981
6562,160,153.0,29%,4,1395984
6563,195,171.2,20%,21,965938
6564,242,212.8,43%,31,2787174
6565,66,41.2,18%,25,-910148
6566,141,102.5,14%,3,658552
6568,288,246.1,31%,33,2429665
6570,163,154.0,15%,10,488049
6572,217,174.5,28%,32,1405848
6573,175,139.8,23%,36,-507522
6574,180,132.6,27%,44,-536146
6577,122,114.4,53%,-1,2501984
6578,421,323.2,44%,87,3744316
6579,233,143.1,27%,79,-1014619
6580,131,125.1,44%,-4,2276307
6581,142,78.9,19%,62,-2672500
6582,115,98.5,38%,23,608618
6583,252,238.8,46%,10,4952090
6584,211,151.0,11%,44,-1578817
6586,129,100.2,3%,28,-533586
6588,379,270.4,23%,103,-2393670
6590,221,192.4,26%,11,3069079
6591,179,128.1,14%,47,-1588824
6593,124,114.7,49%,3,1895968
6594,102,93.4,33%,0,1583180
6596,161,156.1,28%,7,807551
6597,137,99.3,21%,36,-1215417
6599,268,219.2,44%,13,4903067
6602,217,204.0,15%,11,77029
6603,229,173.0,32%,48,301915
6604,144,119.3,21%,22,308107
6605,260,197.1,37%,56,398790
6616,209,164.2,14%,39,220074
6617,255,221.2,41%,25,3693410
6622,193,127.9,21%,67,-2367261
6625,105,65.8,19%,43,-1873273
6628,81,64.3,28%,19,141530
6629,269,209.6,19%,52,-384817
6630,286,264.1,22%,22,1780772
6631,319,264.1,43%,59,2226658
6632,211,164.3,13%,40,-1284853
6633,223,179.5,27%,31,745894
6634,287,266.6,39%,11,4250929
6669,232,219.0,51%,7,5360634
6670,279,252.0,37%,16,5106592
6671,299,257.5,45%,33,4805125
6672,215,171.4,24%,45,-270718
6673,266,245.9,37%,17,4082287
6680,167,121.4,23%,40,-717576
6690,135,94.2,30%,41,-1009336
6691,192,174.2,42%,7,2763306
6692,154,127.1,19%,24,1117865
6695,123,109.0,21%,22,489566
6696,122,111.3,39%,3,1485783
6725,209,120.6,18%,72,-2121017
6726,225,179.8,22%,47,-915598
6732,260,240.4,33%,26,3489038
6740,247,199.1,34%,50,1040075
6741,428,406.2,53%,22,10492820
6743,219,126.0,21%,84,-2042452
6744,161,116.9,19%,46,-658263
6745,239,216.2,37%,15,3974746
6746,263,229.6,38%,33,3168610
6747,187,128.0,31%,58,-785760
6749,257,227.2,25%,31,2409705
6753,189,168.6,22%,14,1621547
6756,193,127.8,25%,60,-2027824
6758,234,178.2,31%,58,-814746
6759,232,169.6,20%,56,-1305746
6764,286,243.4,33%,46,842303
6765,299,251.4,29%,44,1878558
6766,153,114.4,17%,39,-1461642
6768,232,199.5,27%,19,2466078
6771,178,141.0,1%,37,-1814696
6773,174,146.4,19%,25,8422
6774,230,202.5,42%,23,3774960
6775,254,206.1,38%,38,2539373
6776,172,93.6,16%,77,-3115695
6777,184,105.1,15%,80,-3104214
6780,259,232.2,41%,9,4035951
6781,271,244.3,31%,16,2924680
6785,129,124.8,38%,2,1511090
6787,126,100.9,7%,22,-656025
6788,267,259.5,34%,8,4840119
6795,123,100.0,26%,30,-166065
6796,224,160.6,36%,54,562747
6797,272,250.8,31%,25,2011676
6798,204,126.9,22%,9,1972927
6804,452,335.7,35%,103,1098950
6811,368,309.1,40%,56,4498157
6812,140,111.7,22%,13,890350
6818,255,185.4,32%,61,520274
6819,149,144.2,21%,2,2315440
6820,139,97.5,20%,38,-824522
6824,432,425.3,53%,2,13044754
6830,126,101.5,15%,13,109698
6831,144,91.4,6%,21,-1690208
6833,267,251.8,48%,12,6051902
6834,100,64.5,14%,37,-1222351
6835,188,166.3,19%,13,2484245
6839,137,111.2,33%,27,295708
6841,198,168.0,17%,28,942273
6842,189,167.7,14%,14,213996
6851,196,153.2,30%,43,919203
6857,256,216.1,41%,38,3277926
6858,196,132.2,16%,50,-1237069
6862,228,193.9,24%,42,-539879
6863,230,212.3,26%,9,2514278
6864,225,193.7,25%,23,1854679
6865,148,115.3,34%,31,473290
6866,208,175.3,19%,22,390563
6871,225,185.8,47%,36,1972079
6873,261,199.0,25%,47,2386260
6877,186,162.0,41%,23,2679539
6878,226,217.8,43%,-3,5433220
6880,123,113.3,45%,0,1932673
6884,313,286.5,46%,18,6118321
6890,296,262.3,26%,13,3556208
6891,355,321.7,38%,14,5346608
6893,127,98.0,18%,11,425920
6894,413,344.6,48%,61,6336011
6895,168,155.8,29%,11,1580138
6897,390,320.8,39%,56,4333092
6898,125,118.4,56%,-2,2916993
6902,417,352.5,54%,62,6740951
6903,145,135.6,32%,0,1624696
6905,241,217.5,33%,13,2762917
6922,156,144.9,23%,16,1107751
6923,227,174.7,22%,44,1573146
6928,349,328.5,30%,12,7231867
6966,227,192.7,14%,20,700938
6967,239,204.5,19%,31,115696
6968,473,454.1,44%,20,10741348
6969,276,245.4,27%,17,2988478
6970,374,306.7,35%,50,3899804
6971,228,191.6,42%,19,3639015
6976,251,200.4,29%,42,996033
6984,231,160.6,29%,63,112369
6986,208,172.9,27%,30,919100
6989,248,187.1,24%,53,57355
6990,496,443.1,48%,34,11396788
6991,103,70.1,28%,34,-904019
6993,339,304.0,40%,36,7233265
6994,282,229.8,34%,46,1989150
6995,206,186.9,34%,20,2029281
6996,158,148.1,22%,9,947915
7006,234,191.3,32%,0,3579076
7011,339,296.9,41%,36,4266254
7013,338,319.9,48%,12,8815231
7014,36,23.7,26%,13,-243980
7015,242,172.6,26%,68,-1252924
7027,152,122.9,19%,21,335960
7028,239,147.0,21%,91,-2883899
7029,240,203.5,33%,25,3635611
7031,248,188.2,46%,58,2669651
7032,255,204.8,38%,43,1788572
7033,307,231.0,35%,73,488967
7039,293,245.3,31%,45,1819652
7040,750,675.9,45%,28,19112857
7047,227,169.4,17%,44,575418
7104,291,252.0,35%,26,4078785
7109,476,401.0,42%,75,7165179
7111,207,137.5,14%,59,-971113
7112,257,221.4,42%,26,3495343
7139,192,156.3,20%,28,827
7140,257,204.0,38%,35,2578435
7154,391,332.5,38%,32,6050100
7155,254,220.4,23%,36,886519
7157,311,268.2,39%,43,5450329
7158,226,168.9,18%,46,-77505
7159,287,249.1,42%,30,4255280
7160,156,120.9,19%,24,-599925
7166,225,210.6,19%,-2,1897453
7167,247,220.7,40%,11,4356777
7169,116,95.6,15%,16,534124
7171,198,168.5,34%,29,1539072
7172,269,279.2,39%,-15,7465602
7173,264,229.9,49%,32,4805437
7221,278,221.6,35%,47,1217652
7223,308,262.3,31%,33,3579954
7224,207,165.6,25%,42,-114193
7226,321,255.7,43%,64,2789057
7237,253,236.6,30%,22,2570533
7238,539,491.7,47%,30,13824790
7241,237,204.3,24%,28,2391551
7250,130,98.0,43%,30,295909
7254,281,242.2,31%,31,2453562
7255,212,197.9,24%,-2,2248536
7277,276,236.7,47%,36,4372511
7278,210,157.7,27%,46,546706
7279,194,117.9,15%,63,-1963591
7283,422,327.3,45%,98,2067785
7284,284,214.0,37%,75,892009
7285,312,202.1,25%,108,-2226361
7300,426,410.4,44%,11,11974404
7301,244,229.0,12%,1,5241843
7302,215,202.6,29%,4,2730971
7317,224,199.3,24%,20,1279241
7325,229,188.8,34%,26,3343490
7326,282,245.2,34%,35,3186299
7333,282,263.7,29%,7,6465615
7335,322,243.2,34%,69,391070
7337,201,166.1,23%,30,775967
7548,345,324.2,45%,23,7958098
7549,366,298.0,42%,2,8866040
7586,230,210.1,39%,8,3358481
7588,359,315.2,38%,34,5645331
7600,338,327.3,58%,12,9888227
7601,309,269.6,28%,12,7307386
7661,177,162.4,47%,-3,3703068
7664,157,150.2,42%,0,3120884
7665,293,273.8,22%,7,2259909
7666,299,271.0,43%,11,5991258
7667,363,355.7,41%,-16,9120796
7668,262,195.6,33%,54,1561364
7669,211,189.4,21%,12,1465064
7670,323,222.1,16%,102,-2678692
7672,339,293.9,35%,33,4908329
7673,331,238.9,39%,75,1699771
7678,160,136.5,30%,19,240601
7685,292,239.9,27%,55,614080
7686,381,347.7,49%,37,7174317
7687,263,231.8,44%,25,4673643
7688,293,232.1,39%,62,2681798
7714,356,308.8,35%,48,4802292
7715,267,174.3,27%,95,-1760787
7716,321,290.4,35%,-33,10508486
7717,157,131.9,33%,28,576827
7718,229,203.4,30%,15,1986321
7746,214,183.6,23%,27,2003093
7747,192,153.5,21%,36,541965
7749,211,194.1,49%,15,3321844
7758,330,300.4,29%,33,4196064
7770,217,161.8,20%,43,991909
7775,303,270.1,30%,42,2506981
7789,412,334.0,45%,75,5313943
7790,287,241.8,40%,0,5994087
7801,195,176.1,31%,20,1705776
7805,206,165.6,25%,38,6742
7815,293,225.4,24%,21,2891930
7817,333,315.9,44%,8,9408863
7819,502,448.8,45%,47,12288807
7821,236,167.0,15%,38,757148
7823,213,165.5,59%,38,1955063
7841,230,156.3,31%,76,-1838171
7842,209,184.5,26%,10,2243382
7843,127,115.0,52%,1,2277953
7844,196,185.1,7%,-3,805491
7861,174,165.3,18%,4,2165200
7862,229,198.2,16%,27,772643
7863,709,625.9,43%,50,14710321
7865,277,257.7,22%,20,2204833
7882,258,212.8,23%,37,1311707
7883,299,290.8,57%,4,9110131
7884,329,293.9,32%,43,3012700
7917,310,281.4,52%,12,7828986
7918,312,257.2,39%,51,3503345
7932,247,215.3,21%,22,1475061
7950,222,197.7,31%,6,4330733
7951,201,173.8,28%,22,2181027
7967,481,421.1,41%,51,7414372
7985,293,269.4,25%,19,3624334
7993,176,153.7,14%,9,2266075
7994,372,334.8,49%,17,10842456
8017,201,163.3,51%,30,2875003
8018,266,209.9,31%,45,1025811
8024,305,252.1,41%,44,3662319
8026,194,152.0,22%,42,704466
8038,327,272.6,36%,46,3117714
8039,363,311.8,41%,50,7650319
8040,200,175.7,30%,15,1278890
8041,271,216.5,29%,52,598186
8047,195,170.8,25%,22,1863035
8102,160,144.6,21%,12,-13777
8104,146,137.4,77%,-1,4301624
8105,294,244.3,23%,45,1898285
8108,224,194.7,30%,32,1408251
8109,282,240.4,27%,29,1686906
8110,275,247.4,34%,25,4479063
8124,181,154.7,14%,14,1055517
8151,284,254.4,42%,23,4087236
8152,247,189.9,22%,47,730462
8153,132,121.4,37%,3,1923468
8154,268,242.9,26%,16,2657055
8186,115,114.0,43%,-2,1992701
8187,369,303.4,49%,55,6075743
8190,277,263.0,10%,-1,4244679
8191,255,228.6,28%,13,5001965
8210,490,467.1,46%,2,16612946
8220,256,230.2,31%,10,3379615
8221,287,254.7,39%,31,3470127
8222,278,244.8,34%,37,3475175
8223,266,220.5,18%,45,733581
8225,310,236.8,32%,72,1292294
8251,155,128.5,2%,17,-28670
8254,201,156.7,39%,40,2076551
8255,205,161.4,37%,32,1798531
8284,214,183.2,43%,35,4137970
8312,287,267.1,42%,18,5236284
8341,278,254.8,49%,21,6803881
8343,164,156.8,37%,1,1990939
8344,273,249.7,33%,29,3480612
8346,407,367.3,44%,35,8421513
8347,243,193.0,25%,45,363745
8349,235,201.8,24%,29,2068329
8350,306,221.7,35%,66,1717599
8360,259,210.2,35%,46,1833720
8362,150,113.4,18%,32,-400997
8363,146,133.7,33%,1,2868054
8364,199,142.6,19%,60,-1602807
8534,422,388.6,47%,44,8561494
8535,224,179.8,49%,30,3242579
8536,190,147.4,5%,37,-358240
8537,282,235.7,34%,49,1829827
8538,388,357.7,44%,-5,9765223
8539,392,265.7,51%,117,1062402
8540,144,126.2,32%,14,668548
8542,344,276.9,38%,55,3405330
8552,279,251.7,34%,22,2775335
8555,317,282.5,38%,37,4051695
8558,237,207.8,17%,24,1788842
8564,174,111.9,7%,33,-898676
8566,182,130.2,17%,41,-1002367
8576,204,168.6,24%,18,1697611
8588,187,177.5,18%,5,2624806
8601,299,263.7,46%,41,5154501
8602,172,126.8,39%,27,1951808
8650,198,158.7,26%,33,980773
8653,182,144.9,40%,30,1426459
8654,123,113.4,46%,-1,2139544
8656,203,156.1,10%,42,-82477
8666,344,318.4,57%,18,8421941
8667,269,221.6,25%,27,2270126
8668,383,312.3,50%,83,4168899
8678,222,184.7,31%,20,3857428
8711,423,364.8,37%,32,8540756
8727,243,203.8,33%,38,2844120
8730,329,295.5,46%,16,8046141
8746,392,348.9,44%,30,8472200
8750,177,107.1,17%,61,-2130949
8753,234,201.9,38%,71,988164
8754,291,255.4,38%,29,3991490
8761,285,259.0,36%,18,3400326
8764,276,253.3,40%,24,3782114
8776,408,328.9,33%,56,4309144
8781,254,218.4,24%,39,-112977
8795,220,177.9,27%,40,1003578
8798,36,25.9,39%,7,301989
8810,216,180.3,41%,39,1655197
8828,136,122.1,14%,0,2160691
8830,187,143.8,24%,35,-227195
8835,170,163.8,18%,1,1885240
8843,239,193.1,23%,50,-850328
8844,141,134.1,34%,-1,1847225
8845,413,354.3,45%,43,8084079
8846,212,194.3,32%,13,2832467
8847,182,147.7,22%,33,-266578
8856,180,119.2,18%,63,-2523328
8863,376,338.0,54%,21,7529556
8865,258,244.1,54%,14,5606045
8866,244,173.2,28%,50,1112030
8867,233,195.6,22%,30,1809335
8873,162,145.1,19%,11,1954629
8875,225,145.5,23%,70,-1207879
8881,211,195.2,42%,16,4241412
8882,195,180.2,42%,17,3232980
8887,141,105.6,21%,35,-680645
8890,263,241.2,31%,20,2028086
8896,209,157.0,31%,48,799817
8901,275,262.7,31%,2,4087579
8904,296,246.8,18%,41,2817579
8909,215,167.0,26%,57,-1757508
8910,175,140.6,19%,27,926493
8911,123,118.2,44%,-1,1859521
8913,242,182.7,26%,61,-102386
8916,540,471.5,40%,53,9327254
8917,171,108.2,11%,41,-837594
8919,320,223.4,31%,76,2173870
8920,189,151.3,21%,22,1230682
8922,122,81.2,18%,42,-1265237
8924,214,155.1,29%,57,101212
8927,202,167.5,26%,34,1168292
8934,133,122.8,39%,3,1769645
8945,140,134.3,41%,-3,2392590
8951,288,231.1,40%,55,3593531
8955,248,214.4,34%,26,5398350
9011,375,337.8,44%,37,4760443
9020,141,128.9,60%,-1,3285391
9028,528,476.9,28%,41,5891814
9032,276,255.2,42%,20,5993679
9034,157,110.8,18%,30,-517140
9037,269,236.2,38%,28,3450547
9075,153,144.3,28%,11,2297395
9078,425,387.4,50%,40,8663108
9079,203,181.6,30%,20,2521661
9101,137,130.8,51%,-4,2988559
9103,412,385.6,38%,9,8841356
9120,207,171.0,34%,34,774328
9121,33,30.1,32%,-1,614105
9125,235,148.9,34%,76,-1726791
9126,104,91.4,31%,0,1516729
9134,129,100.8,22%,18,-76182
9138,280,217.5,45%,57,3451933
9141,337,268.9,30%,66,1320851
9145,155,129.8,14%,23,-449722
9147,163,144.1,22%,15,-54028
9148,171,122.7,26%,38,-620532
9149,351,333.7,39%,9,6308826
9152,156,151.0,41%,-3,2290533
9153,157,149.9,41%,-1,2538891
9155,172,139.6,33%,18,2156973
9156,147,133.9,31%,0,2188890
9158,424,383.2,48%,33,7204904
9160,176,162.8,20%,13,1687471
9178,219,197.6,35%,27,2287400
9190,149,125.0,10%,15,764537
9191,218,189.4,19%,29,959888
9200,338,318.5,41%,20,6259020
9202,455,416.5,40%,35,9744897
9208,264,233.5,21%,19,2515151
9210,148,122.5,5%,16,-778849
9214,117,97.4,12%,17,435305
9215,198,157.8,22%,33,858671
9226,124,101.2,21%,12,965820
9235,167,110.7,23%,63,-1275802
9237,185,161.4,7%,17,242388
9247,182,158.1,36%,18,2699064
9248,253,210.5,38%,42,3025784
9251,342,329.8,40%,15,6671438
9253,327,284.3,26%,29,3255964
9254,284,249.0,39%,26,5802643
9259,115,118.2,39%,-1,2017885
9262,367,350.6,52%,16,9101727
9271,219,196.2,38%,12,4028120
9272,270,210.8,34%,59,4048040
9278,187,155.2,34%,26,1186427
9279,205,176.4,35%,16,2970590
9281,201,172.8,32%,21,2236417
9287,115,72.7,26%,37,-529429
9288,118,96.9,8%,15,-613963
9294,214,172.1,32%,41,969390
9295,247,202.6,42%,42,2894909
9302,231,205.6,29%,24,1972928
9305,129,117.4,33%,12,461507
9306,182,153.5,18%,20,915873
9307,166,127.5,13%,33,-767251
9308,162,79.3,2%,79,-4408221
9309,207,130.2,39%,80,-1187921
9365,200,153.1,22%,47,-670437
9371,355,316.4,40%,14,7448828
9374,272,254.1,50%,17,5741951
9376,145,122.2,5%,12,156354
9378,303,260.2,41%,22,4676371
9383,246,219.4,26%,21,2445672
9388,165,108.0,28%,52,-766529
9416,195,166.4,11%,-3,2696464
9432,223,184.6,27%,36,1728583
9433,400,363.4,42%,15,6339274
9448,183,142.6,28%,32,296536
9449,187,138.6,12%,36,-161286
9450,261,232.7,32%,9,4694324
9451,186,117.6,29%,70,-1155640
9452,279,251.8,40%,20,4423906
9458,214,159.2,36%,55,575357
9460,227,163.0,20%,55,71758
9465,238,207.7,35%,25,2797858
9467,158,119.6,22%,21,538335
9468,180,144.0,28%,40,-81310
9474,233,205.8,43%,13,5440750
9475,165,135.3,15%,22,416616
9478,155,113.2,14%,40,-1672991
9481,264,226.0,37%,37,4270285
9484,252,232.0,28%,7,5155377
9490,175,138.7,20%,29,683877
9491,197,166.7,15%,20,1357375
9495,144,140.5,56%,-1,3828902
9498,192,164.0,32%,25,1581175
9508,151,95.0,19%,42,-747973
9509,182,149.3,25%,30,844730
9521,204,188.7,22%,3,1937402
9576,291,276.7,34%,12,5038726
9625,285,241.1,32%,-2,4351823
9667,134,122.4,26%,9,1452367
9668,124,119.5,30%,1,1193446
9731,327,311.2,39%,11,7846048
9734,270,244.1,33%,21,4573659
9738,205,185.3,42%,24,4920295
9745,124,62.8,16%,7,319973
9746,188,174.9,18%,9,1200043
9761,165,159.4,36%,-1,2006401
9762,220,189.7,28%,12,3389549
9874,203,160.7,26%,43,386189
9908,205,201.5,53%,-5,4358858
9919,2,2.4,33%,,26217
9933,164,102.6,29%,61,-1066758
9938,259,217.9,31%,43,1736088
9939,274,261.1,8%,-2,6112878
9941,238,246.8,38%,-14,4736076
9950,364,304.2,37%,62,3533042
9951,188,169.5,30%,3,2880391
9952,227,198.2,36%,21,2430867
9954,185,128.9,28%,46,66097
9964,268,238.6,63%,25,7088345
9965,268,236.1,51%,19,5753342
9966,207,171.6,27%,25,1639215
9971,258,233.7,28%,24,2662380
9972,188,141.4,16%,38,152316
9975,177,150.6,10%,2,1042830
9980,109,98.6,41%,4,1986436
9983,213,189.3,33%,25,1677897
9984,218,150.8,18%,39,1164375
9985,201,154.5,40%,43,908535
9986,196,145.3,25%,51,29756
9995,101,94.3,21%,2,525671
9998,205,146.8,30%,55,172705
